id,firstname,lastname,email,email2,profession
100,Nyssa,Laurianne,Nyssa.Laurianne@yopmail.com,Nyssa.Laurianne@gmail.com,doctor
101,Nataline,Bronk,Nataline.Bronk@yopmail.com,Nataline.Bronk@gmail.com,firefighter
102,Paulita,Codding,Paulita.Codding@yopmail.com,Paulita.Codding@gmail.com,police officer
103,Nita,Noelyn,Nita.Noelyn@yopmail.com,Nita.Noelyn@gmail.com,developer
104,Alia,Quinn,Alia.Quinn@yopmail.com,Alia.Quinn@gmail.com,doctor
105,Allis,Dreda,Allis.Dreda@yopmail.com,Allis.Dreda@gmail.com,worker
106,Cherrita,Durware,Cherrita.Durware@yopmail.com,Cherrita.Durware@gmail.com,police officer
107,Fanchon,Alice,Fanchon.Alice@yopmail.com,Fanchon.Alice@gmail.com,police officer
108,Jenda,Engdahl,Jenda.Engdahl@yopmail.com,Jenda.Engdahl@gmail.com,worker
109,Marika,Read,Marika.Read@yopmail.com,Marika.Read@gmail.com,doctor
